loss,cer
0.0003270265519986206,0.9450771015247439
0.00016922092230605337,0.8071920340695797
0.00013173930671861933,0.7349196474525533
