loss,cer
0.0003270640890515221,0.9508072958071411
0.0001688999553737677,0.8092152088106273
0.00013120222445205286,0.7353139317704949
